站點名稱,城市,AQI,狀態
屏東(枋山),屏東縣,174,對所有族群不健康
臺南（南化）,臺南市,80,普通
新北(樹林),新北市,49,良好
台中市（和平區）,臺中市,43,良好
屏東（琉球）,屏東縣,143,對敏感族群不健康
南投（鹿谷）,南投縣,55,普通
高雄（湖內）,高雄市,101,對敏感族群不健康
宜蘭（三星）,宜蘭縣,35,良好
員林,彰化縣,65,普通
大城,彰化縣,65,普通
富貴角,新北市,58,普通
麥寮,雲林縣,76,普通
關山,臺東縣,31,良好
馬公,澎湖縣,78,普通
金門,金門縣,77,普通
馬祖,連江縣,84,普通
埔里,南投縣,46,良好
復興,高雄市,113,對敏感族群不健康
永和,新北市,46,良好
竹山,南投縣,70,普通
中壢,桃園市,58,普通
三重,新北市,57,普通
冬山,宜蘭縣,40,良好
宜蘭,宜蘭縣,37,良好
陽明,臺北市,40,良好
花蓮,花蓮縣,35,良好
臺東,臺東縣,40,良好
恆春,屏東縣,40,良好
潮州,屏東縣,154,對所有族群不健康
屏東,屏東縣,115,對敏感族群不健康
小港,高雄市,108,對敏感族群不健康
前鎮,高雄市,101,對敏感族群不健康
前金,高雄市,115,對敏感族群不健康
左營,高雄市,104,對敏感族群不健康
楠梓,高雄市,104,對敏感族群不健康
林園,高雄市,150,對敏感族群不健康
大寮,高雄市,126,對敏感族群不健康
鳳山,高雄市,101,對敏感族群不健康
仁武,高雄市,118,對敏感族群不健康
橋頭,高雄市,100,普通
美濃,高雄市,87,普通
臺南,臺南市,92,普通
安南,臺南市,88,普通
善化,臺南市,91,普通
新營,臺南市,80,普通
嘉義,嘉義市,76,普通
臺西,雲林縣,54,普通
朴子,嘉義縣,72,普通
新港,嘉義縣,78,普通
崙背,雲林縣,70,普通
斗六,雲林縣,83,普通
南投,南投縣,64,普通
二林,彰化縣,70,普通
線西,彰化縣,58,普通
彰化,彰化縣,63,普通
西屯,臺中市,59,普通
忠明,臺中市,56,普通
大里,臺中市,58,普通
沙鹿,臺中市,63,普通
豐原,臺中市,54,普通
三義,苗栗縣,51,普通
苗栗,苗栗縣,66,普通
頭份,苗栗縣,58,普通
新竹,新竹市,54,普通
竹東,新竹縣,42,良好
湖口,新竹縣,54,普通
龍潭,桃園市,57,普通
平鎮,桃園市,55,普通
觀音,桃園市,57,普通
大園,桃園市,62,普通
桃園,桃園市,44,良好
大同,臺北市,57,普通
松山,臺北市,47,良好
古亭,臺北市,44,良好
萬華,臺北市,49,良好
中山,臺北市,51,普通
士林,臺北市,45,良好
淡水,新北市,38,良好
林口,新北市,43,良好
菜寮,新北市,41,良好
新莊,新北市,48,良好
板橋,新北市,52,普通
土城,新北市,51,普通
新店,新北市,52,普通
汐止,新北市,54,普通
基隆,基隆市,51,普通
屏東(枋山),屏東縣,164,對所有族群不健康
臺南（南化）,臺南市,74,普通
新北(樹林),新北市,51,普通
台中市（和平區）,臺中市,42,良好
屏東（琉球）,屏東縣,132,對敏感族群不健康
南投（鹿谷）,南投縣,47,良好
高雄（湖內）,高雄市,104,對敏感族群不健康
宜蘭（三星）,宜蘭縣,33,良好
員林,彰化縣,63,普通
大城,彰化縣,66,普通
富貴角,新北市,58,普通
麥寮,雲林縣,80,普通
關山,臺東縣,31,良好
馬公,澎湖縣,76,普通
金門,金門縣,77,普通
馬祖,連江縣,77,普通
埔里,南投縣,43,良好
復興,高雄市,124,對敏感族群不健康
永和,新北市,43,良好
竹山,南投縣,67,普通
中壢,桃園市,57,普通
三重,新北市,54,普通
冬山,宜蘭縣,43,良好
宜蘭,宜蘭縣,36,良好
陽明,臺北市,40,良好
花蓮,花蓮縣,33,良好
臺東,臺東縣,38,良好
恆春,屏東縣,40,良好
潮州,屏東縣,150,對敏感族群不健康
屏東,屏東縣,104,對敏感族群不健康
小港,高雄市,116,對敏感族群不健康
前鎮,高雄市,110,對敏感族群不健康
前金,高雄市,115,對敏感族群不健康
左營,高雄市,105,對敏感族群不健康
楠梓,高雄市,100,普通
林園,高雄市,146,對敏感族群不健康
大寮,高雄市,118,對敏感族群不健康
鳳山,高雄市,103,對敏感族群不健康
仁武,高雄市,115,對敏感族群不健康
橋頭,高雄市,95,普通
美濃,高雄市,84,普通
臺南,臺南市,96,普通
安南,臺南市,86,普通
善化,臺南市,91,普通
新營,臺南市,73,普通
嘉義,嘉義市,75,普通
臺西,雲林縣,54,普通
朴子,嘉義縣,72,普通
新港,嘉義縣,76,普通
崙背,雲林縣,68,普通
斗六,雲林縣,81,普通
南投,南投縣,58,普通
二林,彰化縣,70,普通
線西,彰化縣,58,普通
彰化,彰化縣,64,普通
西屯,臺中市,61,普通
忠明,臺中市,53,普通
大里,臺中市,59,普通
沙鹿,臺中市,59,普通
豐原,臺中市,55,普通
三義,苗栗縣,48,良好
苗栗,苗栗縣,67,普通
頭份,苗栗縣,58,普通
新竹,新竹市,52,普通
竹東,新竹縣,39,良好
湖口,新竹縣,53,普通
龍潭,桃園市,51,普通
平鎮,桃園市,52,普通
觀音,桃園市,58,普通
大園,桃園市,63,普通
桃園,桃園市,42,良好
大同,臺北市,52,普通
松山,臺北市,45,良好
古亭,臺北市,40,良好
萬華,臺北市,51,普通
中山,臺北市,46,良好
士林,臺北市,45,良好
淡水,新北市,35,良好
林口,新北市,43,良好
菜寮,新北市,41,良好
新莊,新北市,47,良好
板橋,新北市,48,良好
土城,新北市,46,良好
新店,新北市,48,良好
汐止,新北市,53,普通
基隆,基隆市,42,良好
屏東(枋山),屏東縣,146,對敏感族群不健康
臺南（南化）,臺南市,69,普通
新北(樹林),新北市,52,普通
台中市（和平區）,臺中市,38,良好
屏東（琉球）,屏東縣,118,對敏感族群不健康
南投（鹿谷）,南投縣,42,良好
高雄（湖內）,高雄市,110,對敏感族群不健康
宜蘭（三星）,宜蘭縣,31,良好
員林,彰化縣,62,普通
大城,彰化縣,67,普通
富貴角,新北市,58,普通
麥寮,雲林縣,80,普通
關山,臺東縣,29,良好
馬公,澎湖縣,75,普通
金門,金門縣,77,普通
馬祖,連江縣,75,普通
埔里,南投縣,37,良好
復興,高雄市,133,對敏感族群不健康
永和,新北市,43,良好
竹山,南投縣,64,普通
中壢,桃園市,54,普通
三重,新北市,52,普通
冬山,宜蘭縣,44,良好
宜蘭,宜蘭縣,33,良好
陽明,臺北市,40,良好
花蓮,花蓮縣,31,良好
臺東,臺東縣,37,良好
恆春,屏東縣,40,良好
潮州,屏東縣,122,對敏感族群不健康
屏東,屏東縣,84,普通
小港,高雄市,124,對敏感族群不健康
前鎮,高雄市,115,對敏感族群不健康
前金,高雄市,101,對敏感族群不健康
左營,高雄市,115,對敏感族群不健康
楠梓,高雄市,98,普通
林園,高雄市,126,對敏感族群不健康
大寮,高雄市,125,對敏感族群不健康
鳳山,高雄市,109,對敏感族群不健康
仁武,高雄市,97,普通
橋頭,高雄市,104,對敏感族群不健康
美濃,高雄市,80,普通
臺南,臺南市,102,對敏感族群不健康
安南,臺南市,85,普通
善化,臺南市,92,普通
新營,臺南市,75,普通
嘉義,嘉義市,73,普通
臺西,雲林縣,55,普通
朴子,嘉義縣,70,普通
新港,嘉義縣,74,普通
崙背,雲林縣,66,普通
斗六,雲林縣,78,普通
南投,南投縣,54,普通
二林,彰化縣,68,普通
線西,彰化縣,58,普通
彰化,彰化縣,61,普通
西屯,臺中市,59,普通
忠明,臺中市,53,普通
大里,臺中市,58,普通
沙鹿,臺中市,58,普通
豐原,臺中市,52,普通
三義,苗栗縣,42,良好
苗栗,苗栗縣,66,普通
頭份,苗栗縣,58,普通
新竹,新竹市,48,良好
竹東,新竹縣,36,良好
湖口,新竹縣,52,普通
龍潭,桃園市,44,良好
平鎮,桃園市,51,普通
觀音,桃園市,58,普通
大園,桃園市,52,普通
桃園,桃園市,41,良好
大同,臺北市,47,良好
松山,臺北市,43,良好
古亭,臺北市,38,良好
萬華,臺北市,47,良好
中山,臺北市,43,良好
士林,臺北市,43,良好
淡水,新北市,34,良好
林口,新北市,42,良好
菜寮,新北市,39,良好
新莊,新北市,47,良好
板橋,新北市,47,良好
土城,新北市,45,良好
新店,新北市,47,良好
汐止,新北市,52,普通
基隆,基隆市,40,良好
屏東(枋山),屏東縣,132,對敏感族群不健康
臺南（南化）,臺南市,70,普通
新北(樹林),新北市,52,普通
台中市（和平區）,臺中市,33,良好
屏東（琉球）,屏東縣,123,對敏感族群不健康
南投（鹿谷）,南投縣,39,良好
高雄（湖內）,高雄市,117,對敏感族群不健康
宜蘭（三星）,宜蘭縣,28,良好
員林,彰化縣,61,普通
大城,彰化縣,68,普通
富貴角,新北市,59,普通
麥寮,雲林縣,77,普通
關山,臺東縣,26,良好
馬公,澎湖縣,71,普通
金門,金門縣,79,普通
馬祖,連江縣,77,普通
埔里,南投縣,38,良好
復興,高雄市,138,對敏感族群不健康
永和,新北市,43,良好
竹山,南投縣,58,普通
中壢,桃園市,53,普通
三重,新北市,53,普通
冬山,宜蘭縣,42,良好
宜蘭,宜蘭縣,33,良好
陽明,臺北市,38,良好
花蓮,花蓮縣,30,良好
臺東,臺東縣,37,良好
恆春,屏東縣,40,良好
潮州,屏東縣,110,對敏感族群不健康
屏東,屏東縣,81,普通
小港,高雄市,129,對敏感族群不健康
前鎮,高雄市,121,對敏感族群不健康
前金,高雄市,106,對敏感族群不健康
左營,高雄市,123,對敏感族群不健康
楠梓,高雄市,103,對敏感族群不健康
林園,高雄市,123,對敏感族群不健康
大寮,高雄市,127,對敏感族群不健康
鳳山,高雄市,104,對敏感族群不健康
仁武,高雄市,102,對敏感族群不健康
橋頭,高雄市,111,對敏感族群不健康
美濃,高雄市,70,普通
臺南,臺南市,108,對敏感族群不健康
安南,臺南市,86,普通
善化,臺南市,95,普通
新營,臺南市,76,普通
嘉義,嘉義市,73,普通
臺西,雲林縣,57,普通
朴子,嘉義縣,69,普通
新港,嘉義縣,72,普通
崙背,雲林縣,67,普通
斗六,雲林縣,76,普通
南投,南投縣,51,普通
二林,彰化縣,65,普通
線西,彰化縣,58,普通
彰化,彰化縣,58,普通
西屯,臺中市,59,普通
忠明,臺中市,52,普通
大里,臺中市,56,普通
沙鹿,臺中市,59,普通
豐原,臺中市,44,良好
三義,苗栗縣,38,良好
苗栗,苗栗縣,65,普通
頭份,苗栗縣,57,普通
新竹,新竹市,48,良好
竹東,新竹縣,32,良好
湖口,新竹縣,51,普通
龍潭,桃園市,40,良好
平鎮,桃園市,46,良好
觀音,桃園市,57,普通
大園,桃園市,48,良好
桃園,桃園市,36,良好
大同,臺北市,44,良好
松山,臺北市,43,良好
古亭,臺北市,37,良好
萬華,臺北市,44,良好
中山,臺北市,43,良好
士林,臺北市,43,良好
淡水,新北市,32,良好
林口,新北市,41,良好
菜寮,新北市,38,良好
新莊,新北市,47,良好
板橋,新北市,44,良好
土城,新北市,42,良好
新店,新北市,44,良好
汐止,新北市,52,普通
基隆,基隆市,37,良好
屏東(枋山),屏東縣,105,對敏感族群不健康
臺南（南化）,臺南市,68,普通
新北(樹林),新北市,50,良好
台中市（和平區）,臺中市,28,良好
屏東（琉球）,屏東縣,123,對敏感族群不健康
南投（鹿谷）,南投縣,36,良好
高雄（湖內）,高雄市,115,對敏感族群不健康
宜蘭（三星）,宜蘭縣,25,良好
員林,彰化縣,57,普通
大城,彰化縣,72,普通
富貴角,新北市,60,普通
麥寮,雲林縣,73,普通
關山,臺東縣,22,良好
馬公,澎湖縣,69,普通
金門,金門縣,78,普通
馬祖,連江縣,77,普通
埔里,南投縣,41,良好
復興,高雄市,132,對敏感族群不健康
永和,新北市,41,良好
竹山,南投縣,56,普通
中壢,桃園市,51,普通
三重,新北市,50,良好
冬山,宜蘭縣,40,良好
宜蘭,宜蘭縣,31,良好
陽明,臺北市,39,良好
花蓮,花蓮縣,27,良好
臺東,臺東縣,35,良好
恆春,屏東縣,38,良好
潮州,屏東縣,125,對敏感族群不健康
屏東,屏東縣,76,普通
小港,高雄市,134,對敏感族群不健康
前鎮,高雄市,120,對敏感族群不健康
前金,高雄市,86,普通
左營,高雄市,124,對敏感族群不健康
楠梓,高雄市,105,對敏感族群不健康
林園,高雄市,127,對敏感族群不健康
大寮,高雄市,125,對敏感族群不健康
鳳山,高雄市,100,普通
仁武,高雄市,107,對敏感族群不健康
橋頭,高雄市,111,對敏感族群不健康
美濃,高雄市,64,普通
臺南,臺南市,114,對敏感族群不健康
安南,臺南市,89,普通
善化,臺南市,103,對敏感族群不健康
新營,臺南市,75,普通
嘉義,嘉義市,74,普通
臺西,雲林縣,57,普通
朴子,嘉義縣,67,普通
新港,嘉義縣,73,普通
崙背,雲林縣,66,普通
斗六,雲林縣,69,普通
南投,南投縣,49,良好
二林,彰化縣,63,普通
線西,彰化縣,56,普通
彰化,彰化縣,56,普通
西屯,臺中市,58,普通
忠明,臺中市,51,普通
大里,臺中市,52,普通
沙鹿,臺中市,57,普通
豐原,臺中市,39,良好
三義,苗栗縣,35,良好
苗栗,苗栗縣,64,普通
頭份,苗栗縣,54,普通
新竹,新竹市,49,良好
竹東,新竹縣,28,良好
湖口,新竹縣,46,良好
龍潭,桃園市,38,良好
平鎮,桃園市,44,良好
觀音,桃園市,56,普通
大園,桃園市,45,良好
桃園,桃園市,35,良好
大同,臺北市,45,良好
松山,臺北市,46,良好
古亭,臺北市,35,良好
萬華,臺北市,42,良好
中山,臺北市,46,良好
士林,臺北市,43,良好
淡水,新北市,32,良好
林口,新北市,39,良好
菜寮,新北市,38,良好
新莊,新北市,47,良好
板橋,新北市,43,良好
土城,新北市,41,良好
新店,新北市,40,良好
汐止,新北市,52,普通
基隆,基隆市,37,良好
屏東(枋山),屏東縣,63,普通
臺南（南化）,臺南市,55,普通
新北(樹林),新北市,44,良好
台中市（和平區）,臺中市,19,良好
屏東（琉球）,屏東縣,99,普通
南投（鹿谷）,南投縣,35,良好
高雄（湖內）,高雄市,112,對敏感族群不健康
宜蘭（三星）,宜蘭縣,16,良好
員林,彰化縣,57,普通
大城,彰化縣,76,普通
富貴角,新北市,58,普通
麥寮,雲林縣,67,普通
關山,臺東縣,23,良好
馬公,澎湖縣,63,普通
金門,金門縣,82,普通
馬祖,連江縣,81,普通
埔里,南投縣,57,普通
復興,高雄市,109,對敏感族群不健康
永和,新北市,41,良好
竹山,南投縣,59,普通
中壢,桃園市,52,普通
三重,新北市,53,普通
冬山,宜蘭縣,24,良好
宜蘭,宜蘭縣,22,良好
陽明,臺北市,40,良好
花蓮,花蓮縣,23,良好
臺東,臺東縣,33,良好
恆春,屏東縣,36,良好
潮州,屏東縣,83,普通
屏東,屏東縣,84,普通
小港,高雄市,111,對敏感族群不健康
前鎮,高雄市,104,對敏感族群不健康
前金,高雄市,84,普通
左營,高雄市,110,對敏感族群不健康
楠梓,高雄市,104,對敏感族群不健康
林園,高雄市,113,對敏感族群不健康
大寮,高雄市,102,對敏感族群不健康
鳳山,高雄市,104,對敏感族群不健康
仁武,高雄市,108,對敏感族群不健康
橋頭,高雄市,109,對敏感族群不健康
美濃,高雄市,73,普通
臺南,臺南市,131,對敏感族群不健康
安南,臺南市,99,普通
善化,臺南市,142,對敏感族群不健康
新營,臺南市,84,普通
嘉義,嘉義市,85,普通
臺西,雲林縣,60,普通
朴子,嘉義縣,75,普通
新港,嘉義縣,82,普通
崙背,雲林縣,66,普通
斗六,雲林縣,69,普通
南投,南投縣,60,普通
二林,彰化縣,59,普通
線西,彰化縣,53,普通
彰化,彰化縣,52,普通
西屯,臺中市,49,良好
忠明,臺中市,43,良好
大里,臺中市,56,普通
沙鹿,臺中市,48,良好
豐原,臺中市,25,良好
三義,苗栗縣,26,良好
苗栗,苗栗縣,53,普通
頭份,苗栗縣,44,良好
新竹,新竹市,49,良好
竹東,新竹縣,25,良好
湖口,新竹縣,43,良好
龍潭,桃園市,43,良好
平鎮,桃園市,46,良好
觀音,桃園市,63,普通
大園,桃園市,48,良好
桃園,桃園市,39,良好
大同,臺北市,53,普通
松山,臺北市,45,良好
古亭,臺北市,37,良好
萬華,臺北市,35,良好
中山,臺北市,48,良好
士林,臺北市,40,良好
淡水,新北市,37,良好
林口,新北市,34,良好
菜寮,新北市,41,良好
新莊,新北市,43,良好
板橋,新北市,47,良好
土城,新北市,45,良好
新店,新北市,43,良好
汐止,新北市,50,良好
基隆,基隆市,40,良好
屏東(枋山),屏東縣,59,普通
臺南（南化）,臺南市,56,普通
新北(樹林),新北市,44,良好
台中市（和平區）,臺中市,18,良好
屏東（琉球）,屏東縣,97,普通
南投（鹿谷）,南投縣,37,良好
高雄（湖內）,高雄市,108,對敏感族群不健康
宜蘭（三星）,宜蘭縣,14,良好
員林,彰化縣,62,普通
大城,彰化縣,76,普通
富貴角,新北市,55,普通
麥寮,雲林縣,67,普通
關山,臺東縣,26,良好
馬公,澎湖縣,60,普通
金門,金門縣,81,普通
馬祖,連江縣,82,普通
埔里,南投縣,61,普通
復興,高雄市,108,對敏感族群不健康
永和,新北市,44,良好
竹山,南投縣,63,普通
中壢,桃園市,52,普通
三重,新北市,54,普通
冬山,宜蘭縣,25,良好
宜蘭,宜蘭縣,20,良好
陽明,臺北市,40,良好
花蓮,花蓮縣,23,良好
臺東,臺東縣,33,良好
恆春,屏東縣,37,良好
潮州,屏東縣,84,普通
屏東,屏東縣,87,普通
小港,高雄市,104,對敏感族群不健康
前鎮,高雄市,105,對敏感族群不健康
前金,高雄市,87,普通
左營,高雄市,106,對敏感族群不健康
楠梓,高雄市,102,對敏感族群不健康
林園,高雄市,110,對敏感族群不健康
大寮,高雄市,103,對敏感族群不健康
鳳山,高雄市,109,對敏感族群不健康
仁武,高雄市,105,對敏感族群不健康
橋頭,高雄市,109,對敏感族群不健康
美濃,高雄市,78,普通
臺南,臺南市,130,對敏感族群不健康
安南,臺南市,97,普通
善化,臺南市,135,對敏感族群不健康
新營,臺南市,85,普通
嘉義,嘉義市,86,普通
臺西,雲林縣,62,普通
朴子,嘉義縣,81,普通
新港,嘉義縣,85,普通
崙背,雲林縣,67,普通
斗六,雲林縣,72,普通
南投,南投縣,63,普通
二林,彰化縣,62,普通
線西,彰化縣,49,良好
彰化,彰化縣,54,普通
西屯,臺中市,49,良好
忠明,臺中市,42,良好
大里,臺中市,61,普通
沙鹿,臺中市,49,良好
豐原,臺中市,24,良好
三義,苗栗縣,25,良好
苗栗,苗栗縣,53,普通
頭份,苗栗縣,41,良好
新竹,新竹市,47,良好
竹東,新竹縣,28,良好
湖口,新竹縣,45,良好
龍潭,桃園市,41,良好
平鎮,桃園市,45,良好
觀音,桃園市,64,普通
大園,桃園市,51,普通
桃園,桃園市,39,良好
大同,臺北市,52,普通
松山,臺北市,43,良好
古亭,臺北市,35,良好
萬華,臺北市,37,良好
中山,臺北市,44,良好
士林,臺北市,37,良好
淡水,新北市,38,良好
林口,新北市,34,良好
菜寮,新北市,40,良好
新莊,新北市,43,良好
板橋,新北市,51,普通
土城,新北市,44,良好
新店,新北市,44,良好
汐止,新北市,49,良好
基隆,基隆市,37,良好
楠梓,高雄市,101,對敏感族群不健康
屏東(枋山),屏東縣,57,普通
臺南（南化）,臺南市,59,普通
新北(樹林),新北市,43,良好
台中市（和平區）,臺中市,18,良好
屏東（琉球）,屏東縣,94,普通
南投（鹿谷）,南投縣,38,良好
高雄（湖內）,高雄市,106,對敏感族群不健康
宜蘭（三星）,宜蘭縣,14,良好
員林,彰化縣,65,普通
大城,彰化縣,79,普通
富貴角,新北市,54,普通
麥寮,雲林縣,69,普通
關山,臺東縣,28,良好
馬公,澎湖縣,62,普通
金門,金門縣,81,普通
馬祖,連江縣,81,普通
埔里,南投縣,66,普通
復興,高雄市,108,對敏感族群不健康
永和,新北市,45,良好
竹山,南投縣,70,普通
中壢,桃園市,54,普通
三重,新北市,53,普通
冬山,宜蘭縣,28,良好
宜蘭,宜蘭縣,21,良好
陽明,臺北市,41,良好
花蓮,花蓮縣,23,良好
臺東,臺東縣,35,良好
恆春,屏東縣,37,良好
潮州,屏東縣,85,普通
屏東,屏東縣,91,普通
小港,高雄市,109,對敏感族群不健康
前鎮,高雄市,104,對敏感族群不健康
前金,高雄市,87,普通
左營,高雄市,106,對敏感族群不健康
林園,高雄市,111,對敏感族群不健康
大寮,高雄市,105,對敏感族群不健康
鳳山,高雄市,113,對敏感族群不健康
仁武,高雄市,99,普通
橋頭,高雄市,103,對敏感族群不健康
美濃,高雄市,79,普通
臺南,臺南市,128,對敏感族群不健康
安南,臺南市,93,普通
善化,臺南市,111,對敏感族群不健康
新營,臺南市,82,普通
嘉義,嘉義市,85,普通
臺西,雲林縣,62,普通
朴子,嘉義縣,82,普通
新港,嘉義縣,87,普通
崙背,雲林縣,68,普通
斗六,雲林縣,80,普通
南投,南投縣,67,普通
二林,彰化縣,61,普通
線西,彰化縣,46,良好
彰化,彰化縣,55,普通
西屯,臺中市,52,普通
忠明,臺中市,45,良好
大里,臺中市,64,普通
沙鹿,臺中市,50,良好
豐原,臺中市,25,良好
三義,苗栗縣,24,良好
苗栗,苗栗縣,53,普通
頭份,苗栗縣,36,良好
新竹,新竹市,42,良好
竹東,新竹縣,28,良好
湖口,新竹縣,46,良好
龍潭,桃園市,42,良好
平鎮,桃園市,46,良好
觀音,桃園市,64,普通
大園,桃園市,53,普通
桃園,桃園市,36,良好
大同,臺北市,51,普通
松山,臺北市,44,良好
古亭,臺北市,32,良好
萬華,臺北市,35,良好
中山,臺北市,45,良好
士林,臺北市,38,良好
淡水,新北市,35,良好
林口,新北市,34,良好
菜寮,新北市,38,良好
新莊,新北市,42,良好
板橋,新北市,50,良好
土城,新北市,42,良好
新店,新北市,46,良好
汐止,新北市,52,普通
基隆,基隆市,36,良好
楠梓,高雄市,94,普通
屏東(枋山),屏東縣,60,普通
臺南（南化）,臺南市,60,普通
新北(樹林),新北市,40,良好
台中市（和平區）,臺中市,19,良好
屏東（琉球）,屏東縣,96,普通
南投（鹿谷）,南投縣,40,良好
高雄（湖內）,高雄市,99,普通
宜蘭（三星）,宜蘭縣,14,良好
員林,彰化縣,69,普通
大城,彰化縣,77,普通
富貴角,新北市,55,普通
麥寮,雲林縣,66,普通
關山,臺東縣,29,良好
馬公,澎湖縣,55,普通
金門,金門縣,81,普通
馬祖,連江縣,84,普通
埔里,南投縣,67,普通
復興,高雄市,109,對敏感族群不健康
永和,新北市,46,良好
竹山,南投縣,74,普通
中壢,桃園市,55,普通
三重,新北市,58,普通
冬山,宜蘭縣,29,良好
宜蘭,宜蘭縣,22,良好
陽明,臺北市,41,良好
花蓮,花蓮縣,22,良好
臺東,臺東縣,33,良好
恆春,屏東縣,48,良好
潮州,屏東縣,89,普通
屏東,屏東縣,95,普通
小港,高雄市,111,對敏感族群不健康
前鎮,高雄市,104,對敏感族群不健康
前金,高雄市,87,普通
左營,高雄市,101,對敏感族群不健康
林園,高雄市,113,對敏感族群不健康
大寮,高雄市,109,對敏感族群不健康
鳳山,高雄市,113,對敏感族群不健康
仁武,高雄市,95,普通
橋頭,高雄市,99,普通
美濃,高雄市,81,普通
臺南,臺南市,122,對敏感族群不健康
安南,臺南市,87,普通
善化,臺南市,86,普通
新營,臺南市,80,普通
嘉義,嘉義市,87,普通
臺西,雲林縣,60,普通
朴子,嘉義縣,81,普通
新港,嘉義縣,84,普通
崙背,雲林縣,66,普通
斗六,雲林縣,81,普通
南投,南投縣,67,普通
二林,彰化縣,61,普通
線西,彰化縣,43,良好
彰化,彰化縣,55,普通
西屯,臺中市,51,普通
忠明,臺中市,49,良好
大里,臺中市,68,普通
沙鹿,臺中市,49,良好
豐原,臺中市,27,良好
三義,苗栗縣,24,良好
苗栗,苗栗縣,53,普通
頭份,苗栗縣,33,良好
新竹,新竹市,43,良好
竹東,新竹縣,29,良好
湖口,新竹縣,43,良好
龍潭,桃園市,42,良好
平鎮,桃園市,45,良好
觀音,桃園市,61,普通
大園,桃園市,49,良好
桃園,桃園市,33,良好
大同,臺北市,56,普通
松山,臺北市,46,良好
古亭,臺北市,32,良好
萬華,臺北市,35,良好
中山,臺北市,43,良好
士林,臺北市,39,良好
淡水,新北市,31,良好
林口,新北市,35,良好
菜寮,新北市,34,良好
新莊,新北市,42,良好
板橋,新北市,49,良好
土城,新北市,40,良好
新店,新北市,45,良好
汐止,新北市,47,良好
基隆,基隆市,36,良好
屏東(枋山),屏東縣,64,普通
臺南（南化）,臺南市,63,普通
新北(樹林),新北市,40,良好
台中市（和平區）,臺中市,19,良好
屏東（琉球）,屏東縣,99,普通
南投（鹿谷）,南投縣,41,良好
高雄（湖內）,高雄市,95,普通
宜蘭（三星）,宜蘭縣,13,良好
員林,彰化縣,69,普通
大城,彰化縣,77,普通
富貴角,新北市,57,普通
麥寮,雲林縣,64,普通
關山,臺東縣,30,良好
馬公,澎湖縣,54,普通
金門,金門縣,78,普通
馬祖,連江縣,84,普通
埔里,南投縣,71,普通
復興,高雄市,109,對敏感族群不健康
永和,新北市,41,良好
竹山,南投縣,73,普通
中壢,桃園市,52,普通
三重,新北市,57,普通
冬山,宜蘭縣,28,良好
宜蘭,宜蘭縣,24,良好
陽明,臺北市,41,良好
花蓮,花蓮縣,21,良好
臺東,臺東縣,32,良好
恆春,屏東縣,50,良好
潮州,屏東縣,90,普通
屏東,屏東縣,99,普通
小港,高雄市,112,對敏感族群不健康
前鎮,高雄市,103,對敏感族群不健康
前金,高雄市,88,普通
左營,高雄市,99,普通
楠梓,高雄市,94,普通
林園,高雄市,113,對敏感族群不健康
大寮,高雄市,114,對敏感族群不健康
鳳山,高雄市,110,對敏感族群不健康
仁武,高雄市,93,普通
橋頭,高雄市,97,普通
美濃,高雄市,84,普通
臺南,臺南市,113,對敏感族群不健康
安南,臺南市,82,普通
善化,臺南市,84,普通
新營,臺南市,76,普通
嘉義,嘉義市,88,普通
臺西,雲林縣,62,普通
朴子,嘉義縣,81,普通
新港,嘉義縣,81,普通
崙背,雲林縣,66,普通
斗六,雲林縣,86,普通
南投,南投縣,68,普通
二林,彰化縣,56,普通
線西,彰化縣,42,良好
彰化,彰化縣,56,普通
西屯,臺中市,53,普通
忠明,臺中市,52,普通
大里,臺中市,66,普通
沙鹿,臺中市,48,良好
豐原,臺中市,29,良好
三義,苗栗縣,25,良好
苗栗,苗栗縣,55,普通
頭份,苗栗縣,35,良好
新竹,新竹市,41,良好
竹東,新竹縣,34,良好
湖口,新竹縣,42,良好
龍潭,桃園市,38,良好
平鎮,桃園市,39,良好
觀音,桃園市,51,普通
大園,桃園市,45,良好
桃園,桃園市,33,良好
大同,臺北市,50,良好
松山,臺北市,45,良好
古亭,臺北市,32,良好
萬華,臺北市,36,良好
中山,臺北市,43,良好
士林,臺北市,39,良好
淡水,新北市,29,良好
林口,新北市,36,良好
菜寮,新北市,32,良好
新莊,新北市,42,良好
板橋,新北市,50,良好
土城,新北市,38,良好
新店,新北市,42,良好
汐止,新北市,46,良好
基隆,基隆市,36,良好
屏東(枋山),屏東縣,62,普通
臺南（南化）,臺南市,65,普通
新北(樹林),新北市,40,良好
台中市（和平區）,臺中市,21,良好
屏東（琉球）,屏東縣,98,普通
南投（鹿谷）,南投縣,46,良好
高雄（湖內）,高雄市,91,普通
宜蘭（三星）,宜蘭縣,13,良好
員林,彰化縣,67,普通
大城,彰化縣,86,普通
富貴角,新北市,58,普通
麥寮,雲林縣,65,普通
關山,臺東縣,30,良好
馬公,澎湖縣,58,普通
金門,金門縣,79,普通
馬祖,連江縣,85,普通
埔里,南投縣,76,普通
復興,高雄市,109,對敏感族群不健康
永和,新北市,38,良好
竹山,南投縣,77,普通
中壢,桃園市,47,良好
三重,新北市,55,普通
冬山,宜蘭縣,26,良好
宜蘭,宜蘭縣,27,良好
陽明,臺北市,42,良好
花蓮,花蓮縣,23,良好
臺東,臺東縣,33,良好
恆春,屏東縣,51,普通
潮州,屏東縣,91,普通
屏東,屏東縣,103,對敏感族群不健康
小港,高雄市,109,對敏感族群不健康
前鎮,高雄市,99,普通
前金,高雄市,86,普通
左營,高雄市,97,普通
楠梓,高雄市,95,普通
林園,高雄市,112,對敏感族群不健康
大寮,高雄市,113,對敏感族群不健康
鳳山,高雄市,108,對敏感族群不健康
仁武,高雄市,92,普通
橋頭,高雄市,96,普通
美濃,高雄市,86,普通
臺南,臺南市,99,普通
安南,臺南市,76,普通
善化,臺南市,85,普通
新營,臺南市,73,普通
嘉義,嘉義市,85,普通
臺西,雲林縣,63,普通
朴子,嘉義縣,78,普通
新港,嘉義縣,75,普通
崙背,雲林縣,65,普通
斗六,雲林縣,90,普通
南投,南投縣,70,普通
二林,彰化縣,55,普通
線西,彰化縣,44,良好
彰化,彰化縣,57,普通
西屯,臺中市,53,普通
忠明,臺中市,53,普通
大里,臺中市,65,普通
沙鹿,臺中市,52,普通
豐原,臺中市,31,良好
三義,苗栗縣,28,良好
苗栗,苗栗縣,52,普通
頭份,苗栗縣,39,良好
新竹,新竹市,40,良好
竹東,新竹縣,35,良好
湖口,新竹縣,37,良好
龍潭,桃園市,37,良好
平鎮,桃園市,38,良好
觀音,桃園市,48,良好
大園,桃園市,42,良好
桃園,桃園市,34,良好
大同,臺北市,48,良好
松山,臺北市,49,良好
古亭,臺北市,32,良好
萬華,臺北市,36,良好
中山,臺北市,44,良好
士林,臺北市,39,良好
淡水,新北市,31,良好
林口,新北市,37,良好
菜寮,新北市,32,良好
新莊,新北市,42,良好
板橋,新北市,48,良好
土城,新北市,42,良好
新店,新北市,42,良好
汐止,新北市,44,良好
基隆,基隆市,38,良好
屏東(枋山),屏東縣,61,普通
臺南（南化）,臺南市,64,普通
新北(樹林),新北市,39,良好
台中市（和平區）,臺中市,23,良好
屏東（琉球）,屏東縣,95,普通
南投（鹿谷）,南投縣,49,良好
高雄（湖內）,高雄市,89,普通
宜蘭（三星）,宜蘭縣,14,良好
員林,彰化縣,68,普通
大城,彰化縣,88,普通
富貴角,新北市,59,普通
麥寮,雲林縣,64,普通
關山,臺東縣,32,良好
馬公,澎湖縣,56,普通
金門,金門縣,80,普通
馬祖,連江縣,86,普通
埔里,南投縣,79,普通
復興,高雄市,108,對敏感族群不健康
永和,新北市,36,良好
竹山,南投縣,78,普通
中壢,桃園市,45,良好
三重,新北市,54,普通
冬山,宜蘭縣,26,良好
宜蘭,宜蘭縣,30,良好
陽明,臺北市,42,良好
花蓮,花蓮縣,25,良好
臺東,臺東縣,38,良好
恆春,屏東縣,43,良好
潮州,屏東縣,89,普通
屏東,屏東縣,104,對敏感族群不健康
小港,高雄市,106,對敏感族群不健康
前鎮,高雄市,99,普通
前金,高雄市,94,普通
左營,高雄市,94,普通
楠梓,高雄市,94,普通
林園,高雄市,108,對敏感族群不健康
大寮,高雄市,112,對敏感族群不健康
鳳山,高雄市,107,對敏感族群不健康
仁武,高雄市,92,普通
橋頭,高雄市,96,普通
美濃,高雄市,86,普通
臺南,臺南市,84,普通
安南,臺南市,75,普通
善化,臺南市,85,普通
新營,臺南市,72,普通
嘉義,嘉義市,87,普通
臺西,雲林縣,62,普通
朴子,嘉義縣,73,普通
新港,嘉義縣,76,普通
崙背,雲林縣,64,普通
斗六,雲林縣,93,普通
南投,南投縣,71,普通
二林,彰化縣,55,普通
線西,彰化縣,47,良好
